Algoritme;Ratio
static;2.82155621
adaptive;2.822087044
sliding;7.70829051
two_pass;2.81625884
block;7.41489537
