Algoritme;Ratio
static;2.021306152
adaptive;2.006839996
sliding;2.311706992
two_pass;2.035751423
block;2.038912348
